3.835009036143179895e+00,1.461070478908252923e+01,1.582652388470476801e+01,2.996084358637656653e+00,2.655730846778026066e-01,3.068648926357467843e+01,1.525425335930900772e+01,1.680008476433894771e+01,1.018941956118992564e+01,1.906267021064673983e+01,9.094511374736212517e+00,9.710058603720545634e+00,3.982977082117814760e+00,2.704148678347948831e+01,3.657732580470904882e+00,7.278836861028776362e+00
4.887954097002939591e+00,1.367296514860480983e+01,1.666697894848047312e+01,1.823475395790527198e+00,-1.302953301981439438e+00,3.215963634215496825e+01,1.539856126952320992e+01,1.601004872195844086e+01,1.042224942354717498e+01,2.103501405740980701e+01,9.841395431839639940e+00,8.987919246717449795e+00,9.943429741456295823e-02,3.050389834759908680e+01,3.734306072495150008e+00,6.723981197605930937e+00
3.231997796160546166e+00,1.544387566004998114e+01,1.550387658493695575e+01,2.470329439911925107e+00,3.366539998038297066e-01,3.008504814648423675e+01,1.433849130129156535e+01,1.685782631172369506e+01,7.170359624225599582e+00,1.405894699978208529e+01,7.479185337715177795e+00,1.131908174769880304e+01,6.210537065173357130e-01,2.942110192671733060e+01,5.553385114355898544e+00,4.593626411822122613e+00
4.300459004984190869e+00,1.440755681918290421e+01,1.745988860642505003e+01,1.300084963108584901e+00,-2.771998719209961548e-02,3.101037372847203244e+01,1.575747370239281153e+01,1.305646097617927026e+01,1.181958170698566235e+01,1.859061643903788053e+01,7.548762401869178795e+00,1.135335332158485500e+01,1.321456069471989014e+00,2.956840527734422963e+01,5.713941190606891318e+00,4.745077180977023801e+00
4.494733752643201186e+00,1.422393596642673863e+01,1.725301805370304464e+01,1.599105885195085897e+00,-3.918099009126611021e-01,3.128441402562514639e+01,1.595765571785512904e+01,1.191932283170541318e+01,1.213738362029101836e+01,1.759318737719023673e+01,8.140399198488740495e+00,1.070403182346112558e+01,1.309146579657770815e+00,2.953235273327691246e+01,6.475188003934102099e+00,3.934872004326589234e+00
4.324347775410607220e+00,1.431826086319005498e+01,1.709046247600715063e+01,1.754396956931442597e+00,-1.916158213163056401e-01,3.086262006630092714e+01,1.675684245565347652e+01,1.048672185814870517e+01,1.267820326728295299e+01,1.638889502158797740e+01,8.551397142425242848e+00,1.019172937668082390e+01,1.965336269701985827e+00,2.884805857820044750e+01,7.054884194339548387e+00,3.594304957049862637e+00
4.950911458347581728e+00,1.369535916028720379e+01,1.751610828184373148e+01,1.359580603130950083e+00,-3.932303331117390499e-01,3.109826129161871577e+01,1.695906720969588832e+01,9.602891699080005949e+00,1.304143727781364070e+01,1.727794987124867632e+01,8.696440526788679293e+00,1.002229475596377206e+01,1.688660271361815290e+00,2.911514360727604966e+01,7.361164300064032773e+00,3.184458397897850901e+00
4.226745234107971427e+00,1.458219389286744594e+01,1.671824359317022513e+01,1.974926105501470408e+00,-7.318912460442923429e-01,3.155876434947509068e+01,1.687792458276376095e+01,7.992689664650704628e+00,1.212266610423809965e+01,1.544131364183155064e+01,7.237356885770050319e+00,1.170673479368565140e+01,1.914111219793859675e+00,2.886071815857266643e+01,6.989032834389087512e+00,3.470648631921612548e+00
4.633004913633704369e+00,1.398125121493353795e+01,1.784741823092000246e+01,1.063915021269527861e+00,2.037814487465369653e-04,3.071002068853642086e+01,1.634807246341381770e+01,1.153594136328198339e+01,1.300857484960400612e+01,1.969321068184887480e+01,8.322874740262166782e+00,1.030844746326332562e+01,1.345753801062571142e+00,2.943441188528857921e+01,7.041114251366213495e+00,3.368048005826034696e+00
4.596340171496980709e+00,1.395576497158435991e+01,1.763794596036381890e+01,1.271070691788955598e+00,-6.078579114194622435e-02,3.079471871646772740e+01,1.594269718452291329e+01,1.338555783317517012e+01,1.251991480046058314e+01,2.120330722109106603e+01,8.492204808438023278e+00,1.010985333637471406e+01,1.187451154216311977e+00,2.961458316045994010e+01,6.194529069958075951e+00,4.281363565789632730e+00
4.180297189835229688e+00,1.422751937114924203e+01,1.644413381257944096e+01,2.253849179980535133e+00,-3.529843685276303211e-01,3.092627991804520704e+01,1.514517682721178637e+01,1.508892318561043133e+01,1.120925772415519006e+01,2.157831785722754603e+01,9.104204453487660942e+00,9.440203915438830862e+00,1.399769514361121736e+00,2.918571053219043421e+01,4.697694489320381805e+00,5.834012076733561258e+00
2.829516599849949188e+00,1.562365510604976393e+01,1.690997978330659990e+01,2.078171709338135997e+00,1.714911986146384182e+00,2.907103036327585244e+01,1.413196155316181191e+01,1.896879090554105218e+01,1.076465627040290762e+01,2.363932509420952499e+01,7.278636833342885915e+00,1.123147638524811853e+01,2.655419497659732286e+00,2.829561875684036210e+01,4.729359583829852554e+00,5.903858478600058746e+00
8.034012335300841912e-01,1.753696426792724239e+01,1.511915840735854744e+01,3.461315280133756112e+00,2.723479553288111532e+00,2.783763864900627993e+01,1.426728772757704000e+01,1.779403569766560622e+01,9.562717685714355653e+00,2.085509324229766648e+01,6.655032222257094787e+00,1.191017342783147726e+01,6.398903582738971529e+00,2.433546820242344211e+01,3.344029298269718620e+00,7.495350961530279577e+00
1.243855015431905020e+00,1.706795547922046907e+01,1.556892828768889991e+01,3.351664402989326774e+00,1.598136848594863491e+00,2.903697973657249776e+01,1.266939457082892417e+01,2.031361981396283056e+01,1.085392003576110120e+01,2.482478234777913784e+01,7.975400116392264316e+00,1.040921142705570546e+01,5.016914812661713796e+00,2.552855887333427631e+01,3.249132498945538572e+00,6.800957995584564486e+00
5.313526154359625719e-01,1.777533394792924426e+01,1.526014968649411507e+01,3.560551670230092558e+00,4.018547489061408129e+00,2.679993197964628138e+01,1.021696111087769587e+01,2.396442910634353041e+01,8.517510103462839766e+00,2.304744218819443446e+01,7.626830234788746665e+00,1.091172397850540676e+01,5.678960368435876482e+00,2.503420563994538384e+01,2.226837272644600851e+00,8.070107620884076738e+00
1.233867236288704650e+00,1.708638715514150519e+01,1.504268987091172072e+01,3.611324559603728446e+00,1.062548325181136288e+00,2.940446338251022596e+01,1.242758815490021895e+01,2.275078556205721370e+01,9.515738220518320745e+00,2.330690429132738473e+01,9.530496301537560555e+00,8.870460070301714239e+00,3.552200497318253714e+00,2.673128830491753405e+01,2.794684052595006740e+00,7.263353067254843864e+00
2.013790357707932799e+00,1.606281217572645303e+01,1.452611424413799490e+01,3.911068984140906313e+00,1.991548281423649591e+00,2.813998561055082348e+01,1.240063496976168445e+01,2.236586355003941051e+01,7.023851577781649702e+00,2.371669982292069179e+01,7.744028234478412820e+00,1.037562540742229444e+01,3.672931616442062008e+00,2.651555480817831878e+01,3.237133202660994247e+00,7.249872361482359473e+00
9.117082867433526916e-01,1.707619039100770308e+01,1.554639751364070044e+01,3.237551467081472012e+00,2.950398987109539295e+00,2.725296359447342454e+01,1.266853619682387411e+01,2.226187121492652565e+01,1.040183428672070676e+01,2.766754931371699300e+01,9.097657580381740772e+00,8.942787174501864556e+00,5.158117438631195206e+00,2.531063317470689356e+01,2.524517521813368415e+00,8.095316936188771351e+00
7.888920857361616523e-01,1.741050031517942287e+01,1.560148877638327924e+01,3.259447058764655125e+00,2.951333209438415928e+00,2.765510838680510375e+01,1.294403357650152131e+01,2.384984448788848610e+01,9.426463037419862800e+00,2.678995316230223267e+01,7.340591751530424425e+00,1.095038972889645734e+01,5.853961729097779454e+00,2.489907782390802637e+01,2.487802042579239092e+00,8.093462096160534358e+00
6.703582292467006321e-01,1.752587198555657721e+01,1.606954803874270965e+01,3.361388429257677668e+00,2.351421449827141075e+00,2.841935140562180706e+01,1.234551237782103250e+01,2.370743351351275763e+01,1.176194800496818438e+01,2.889101412509372224e+01,6.879946827631817641e+00,1.131849646096707929e+01,5.625446027443100405e+00,2.537186353236921832e+01,3.006262431060633844e+00,7.307415809770690274e+00
-3.888598545570843168e+00,2.226224953966755038e+01,1.146387735805899943e+01,7.138275122785513460e+00,4.883804186973176975e+00,2.542334268303301315e+01,8.168263107504165177e+00,2.861456709352623307e+01,3.479892511078962691e+00,1.843783293810618673e+01,2.402754589541727270e+00,1.602127137597192785e+01,5.347443372999486577e+00,2.518706123045182110e+01,2.176714147114798603e+00,8.505586464193553908e+00
-1.083820281552481779e+00,1.949122372781795676e+01,1.387265432589331660e+01,4.598417527733049681e+00,1.920652473879258970e+00,2.862403432052622776e+01,1.232001418963977812e+01,2.429713604630397583e+01,8.090202491285811703e+00,2.428373921677413350e+01,6.906991216148886892e+00,1.165746985170351024e+01,4.656416903987710576e+00,2.581788635750323380e+01,1.140981606219170219e+00,9.336335277513994058e+00
-3.890646498258633290e+00,2.230857530469230099e+01,1.322319371142236655e+01,4.775688064025711554e+00,3.918272250534437617e+00,2.640519520882220306e+01,1.181777919822321365e+01,2.655671301612650481e+01,7.462956945855951041e+00,2.441536874710372018e+01,8.116336137622015556e+00,1.058445058142746653e+01,4.905782892836465514e+00,2.549774662965693039e+01,-1.043528341620795219e+00,1.211692588439532159e+01
1.689589294829180188e-01,1.820560323313771889e+01,1.397559866218605507e+01,4.731168463914506184e+00,2.884654409235384964e+00,2.811694664383785636e+01,1.074287417562535829e+01,2.413850674318896239e+01,7.478529787805008766e+00,2.276459388762281932e+01,6.889079925753165412e+00,1.192579701536395831e+01,5.053529586151129571e+00,2.594309229961923791e+01,2.988679516958341886e-01,1.061973092844614719e+01
9.981871991774068364e-01,1.751075165903329989e+01,1.578170335904477106e+01,3.151105295004826612e+00,1.730588433661692571e+00,2.957638224004168848e+01,1.216090982808774257e+01,2.694356955496149908e+01,9.911571083678463623e+00,2.362121692399866646e+01,8.598610799658747084e+00,1.029889923980116606e+01,5.232732554709549788e+00,2.578218311279583475e+01,8.427559880726249730e-01,9.461073110439979672e+00
1.773742645042567734e+00,1.696697764622580351e+01,1.473016567762549300e+01,3.978539979805489235e+00,-1.974147149625596009e+00,3.321833034574848398e+01,1.586085147447460564e+01,2.643634481989473173e+01,1.152842199120129152e+01,1.665977873767593564e+01,1.804128542243943656e+01,1.262866433266215616e+00,4.785451793257333719e+00,2.604844889042843903e+01,6.671939827851858240e-02,1.059904612651482303e+01
2.083414143483547587e+00,1.623394923798143807e+01,1.566130487078233102e+01,3.313472453918882010e+00,8.477721819590121610e-01,3.027895854760044614e+01,1.278675058630486738e+01,2.572625341043794833e+01,1.040537844183897320e+01,2.448609244706421961e+01,9.435570708431658460e+00,9.217428264295165263e+00,6.552449665981018967e+00,2.420738954920961206e+01,1.280722226926432228e+00,8.709687528435020809e+00
3.094858336739591653e+00,1.522619226915199597e+01,1.673201574705956673e+01,2.215171312702127082e+00,8.187168801136137652e-01,3.020628151845310683e+01,1.359852652956814545e+01,2.462248831638105884e+01,1.067098081046165703e+01,2.562160376219902247e+01,8.776864649154331843e+00,9.770302486278662712e+00,4.673533215391337592e+00,2.609448218416438436e+01,2.445536701841467320e+00,7.647349167406533255e+00
2.952334194474503626e+00,1.538700156126635754e+01,1.670821740305970238e+01,2.257423751089962849e+00,5.792929958353980613e-01,3.028709860421920297e+01,1.379471595568952047e+01,2.378110001204577273e+01,1.094572074701226505e+01,2.472501665420876904e+01,8.156273006491792543e+00,1.029929452879452967e+01,4.274145982710660263e+00,2.636085998570462152e+01,3.458001027005884964e+00,6.481507177606953718e+00
3.670573098470365281e+00,1.469071093178823872e+01,1.722850932443450134e+01,1.509689388413649525e+00,1.286413444254414229e-01,3.056830831253808967e+01,1.543494067600199493e+01,2.198388182801068069e+01,1.104892304485522381e+01,2.433618680887568431e+01,8.498199597313355724e+00,9.935840937395990835e+00,3.203657790616578183e+00,2.732307357255505664e+01,4.153553531683023436e+00,5.967211772332595032e+00
3.636923382152820849e+00,1.466664320180072423e+01,1.681673615840856328e+01,1.739830724980726107e+00,1.502682458279726019e-01,3.037170858781849958e+01,1.550469212865908197e+01,2.114382316862069189e+01,1.046404924515231372e+01,2.456564583189543782e+01,8.546948131918979286e+00,9.803083831840057272e+00,3.551999702796994285e+00,2.676300896525500050e+01,4.094267537196493834e+00,5.976686019451467047e+00
4.129548568192381808e+00,1.411655253418565437e+01,1.755203497248148636e+01,9.058229858998539941e-01,-4.940714741141578881e-02,3.034897952902301554e+01,1.634695006730238021e+01,2.148304694881334598e+01,1.078042006366611538e+01,2.596680886875772032e+01,8.917409846687986530e+00,9.254681119896133623e+00,2.355058538142678515e+00,2.778678911227175519e+01,4.772676778909689332e+00,5.262346506360119136e+00
2.385555477647845368e+00,1.555560611877579902e+01,1.599337765095063624e+01,2.189907244983803736e+00,2.123489753780008482e-01,2.981086627680059919e+01,1.674994759047357817e+01,1.971352678307478001e+01,1.208010162702916368e+01,2.848758582740361334e+01,1.202894943133689587e+01,6.132095163450260067e+00,4.894461009683698904e+00,2.520212673466352271e+01,1.178518610745811657e+00,9.585231898597015743e+00
3.581415941525032842e+00,1.462920310055008422e+01,1.825092911017359754e+01,6.223871944949116441e-01,1.832489701897156154e-01,3.036256470089491444e+01,1.699814380619953980e+01,2.227440829950077728e+01,1.295454036128359121e+01,3.021082908812882195e+01,8.847589516163493428e+00,9.299220063434887606e+00,3.662312638557565947e+00,2.692412656962988038e+01,4.032422216493662503e+00,6.210571198320698372e+00
3.384940673455777205e+00,1.472064665896343882e+01,1.796067616478095985e+01,8.268828080818574344e-01,2.204148186048230651e-01,3.013487015568732730e+01,1.765839357634096274e+01,2.213058873568548535e+01,1.283336821623627344e+01,3.032462749413019765e+01,8.926782786968740169e+00,9.074239851398164802e+00,5.022583913583890336e+00,2.539966310325228349e+01,4.166689276072284898e+00,6.033058836364531885e+00
2.495855447868358112e+00,1.560043120101028791e+01,1.785670337284965470e+01,1.021035969609286997e+00,8.215605177090354871e-01,2.957240570556770365e+01,1.704217461635887432e+01,2.263757143211397249e+01,1.292610754954781171e+01,3.063579758774689310e+01,7.283023600950203402e+00,1.066176788050593771e+01,6.628966378438379436e+00,2.374969542661525423e+01,4.347335126018544216e+00,5.505069602297917086e+00
-1.040701926336532468e+00,1.909787861365882122e+01,1.606388337259941324e+01,2.919728113500941635e+00,4.330220242873529912e+00,2.597478424774823225e+01,1.309274610250747273e+01,2.744586279358821912e+01,1.036856852234463844e+01,2.919331238066784806e+01,5.448719168492296205e+00,1.244123009404651725e+01,8.660634556856177113e+00,2.183051670981123848e+01,3.462758931349319447e+00,6.593667890000373788e+00
-1.858808155714139210e-01,1.804619445526120458e+01,1.667153877660475914e+01,2.383165267908013973e+00,3.636346083848276844e+00,2.646857838306148381e+01,1.280233553338029573e+01,2.811678470514340589e+01,1.126076423234376733e+01,3.357076633527109522e+01,6.548510673963407136e+00,1.104961832120512710e+01,6.913671937577090532e+00,2.339590866487354859e+01,3.221266263585720768e+00,6.666700228836581310e+00
8.170508767893416291e-01,1.685768692313097361e+01,1.635579922478434867e+01,2.504153919960051766e+00,2.744443676401907783e+00,2.732319852724146614e+01,1.331960655704587637e+01,2.784897695371648396e+01,1.148540439119664036e+01,3.605082031705143919e+01,9.280714157216518601e+00,8.255265609524677473e+00,8.449608569239209999e+00,2.160608853679160291e+01,1.588157210600691371e+00,8.152261892627688411e+00
-1.004746894859197992e+00,1.895679723870321709e+01,1.555665319260546831e+01,3.079231849974140456e+00,7.435536513830993677e-01,2.922690054960686368e+01,1.724468009403249269e+01,2.601203995320635087e+01,1.267071614451822903e+01,3.244026689640972450e+01,9.481842069193296751e+00,8.365108947831094710e+00,8.077158373888600806e+00,2.211496263476873025e+01,1.405790688643999031e+00,8.954104944719807335e+00
-2.865065151819429778e-01,1.793894431171649018e+01,1.588429239865535969e+01,2.586532253062165054e+00,2.748145051601238009e+00,2.716371214625671371e+01,1.427992685970285613e+01,2.830392344218021705e+01,1.052717904314799213e+01,3.609008197070844659e+01,7.699698451336089100e+00,9.870941031311472713e+00,8.662206953144636401e+00,2.126234208936983805e+01,6.504541114397635049e-01,9.299570710817921082e+00
1.000857207247610070e+00,1.662787079420317227e+01,1.636370918415074627e+01,2.893429784924034465e+00,2.180527178476469263e+00,2.815370947735974738e+01,1.443600907652695575e+01,2.811683396865479168e+01,1.250040039378512446e+01,3.642118696822936386e+01,8.328747639257320756e+00,9.185001346359836560e+00,1.154802951908187225e+01,1.880138669375436677e+01,1.776020111951682523e+00,7.838026036373507921e+00
-1.163128547638561328e+00,1.889455140495375574e+01,1.600268478321481069e+01,2.981764981455051533e+00,3.103023986171668636e+00,2.706124323315018998e+01,1.443499105490024625e+01,3.306360444146472588e+01,1.114071355801553409e+01,3.727167134464938414e+01,8.592874208621761767e+00,8.961279143853330353e+00,1.016048973853564696e+01,2.017226864498686822e+01,7.297223085056682157e-01,9.306349344756037922e+00
-2.451863096096611017e+00,2.014345515658223462e+01,1.469943612674567390e+01,4.232816898668738226e+00,4.728137767084395371e+00,2.549492037854770032e+01,1.173773127197632782e+01,3.561779720761965962e+01,8.410927647899368864e+00,3.707579831857816544e+01,6.486027422357736327e+00,1.110098967017191463e+01,1.062494260356311315e+01,1.979184717178027242e+01,-4.145128789885053067e-01,1.060863355867873992e+01
-1.278682864535686026e+00,1.886337409839998713e+01,1.522646722792030261e+01,3.601862170111060024e+00,2.288118865025460913e+00,2.760877385281334639e+01,1.526662699141559187e+01,3.201012203321876370e+01,1.170354119905442047e+01,3.747238004774892062e+01,1.088978686257782513e+01,6.578305521518279519e+00,1.070962767482552991e+01,1.942455198432779184e+01,-1.936248185623672124e-01,1.043296161973620073e+01
-1.363759788326699418e+00,1.933117429502271989e+01,1.633829714998359606e+01,2.660170897001527202e+00,2.515797623387959758e-01,3.007620708361580597e+01,1.779199573200778417e+01,2.688364968704408042e+01,1.484387174250888108e+01,3.594088759509453723e+01,8.268554018463481370e+00,9.554591539968942726e+00,1.107398182022855515e+01,1.922390205494194504e+01,1.175682630061215095e+00,8.460259603975721632e+00
-4.688934808706260449e-02,1.754544502953806528e+01,1.495440564903111280e+01,3.843733035934646658e+00,1.958554641376009098e+00,2.800461475293449709e+01,1.567982525371894731e+01,2.717959111458350563e+01,1.209437479424771666e+01,3.664882274652734395e+01,1.096057724124203858e+01,6.563751778965519534e+00,1.216141624205631544e+01,1.800676702027699960e+01,-2.717123580183866682e-01,1.059231404922712194e+01
2.626660049197916957e-01,1.744384682519106988e+01,1.711959846556549536e+01,1.799678224543876492e+00,1.916150577042434744e+00,2.810617829372435494e+01,1.613342645500248551e+01,2.933289686018881426e+01,1.298868154118067331e+01,3.950780382237607569e+01,9.209980863363432135e+00,8.276712011865834384e+00,7.703328298811261021e+00,2.260341797074394421e+01,1.292823015042698698e+00,8.935523062995923027e+00
1.560786728523673617e+00,1.624513382799671035e+01,1.827153579803758632e+01,3.884429085896978218e-01,1.187411510256170644e+00,2.892056305752508649e+01,1.843043242555177841e+01,2.900265959347747824e+01,1.345393494633591658e+01,3.566128835391526053e+01,9.621676418427597355e+00,8.007089437547470823e+00,8.939987917388306116e+00,2.114545739854238349e+01,2.494009214920082762e+00,7.320983106835384113e+00
2.664505006534553466e+00,1.519543405038562511e+01,1.912256345143168801e+01,-4.934599224857189048e-01,2.976522074646736904e-01,2.982125962477406134e+01,1.897649954117202142e+01,2.826404690699877875e+01,1.397533042656427682e+01,3.730866750638171681e+01,9.647738198432911361e+00,7.980494026679616937e+00,6.427695382335658181e+00,2.364207050782473729e+01,2.885244968720574565e+00,6.908760859899030216e+00
2.424360086170096906e+00,1.558540156520793118e+01,1.875472230626014891e+01,-3.422093800838859057e-01,1.698130125151970093e-01,3.007235249944917399e+01,1.922343548879944208e+01,2.564520340882553739e+01,1.368976117143898108e+01,3.406251135812190256e+01,8.988826200765210217e+00,8.921123792543665942e+00,6.678817771333323883e+00,2.339260316216105196e+01,2.731667262410069519e+00,7.098660318520452428e+00
2.162306147133979284e+00,1.586515678194372114e+01,1.864650613394172751e+01,-2.794744137088569502e-01,6.467095007780050420e-01,2.951283027703349404e+01,1.925990433711740479e+01,2.572123627152587844e+01,1.330851275561771629e+01,3.365080942896518934e+01,8.904680250346483916e+00,8.997025251149134206e+00,6.358535893048685494e+00,2.374710750855583186e+01,2.937692077116762057e+00,7.120301757196655146e+00
3.198624079168928436e+00,1.498773781997161336e+01,1.953375739582886084e+01,-7.944932404637458090e-01,-5.504608535202060171e-01,3.091765684834027539e+01,2.003605218683177824e+01,2.481137736453231568e+01,1.491801556811249441e+01,3.296217879001266482e+01,8.986963391317180694e+00,8.953945798801239420e+00,5.607573470605192512e+00,2.464403772310000562e+01,4.595643716745700047e+00,5.122617194949700803e+00
3.379437006304456315e+00,1.477743738305816557e+01,1.935128388089647444e+01,-6.714474154062850531e-01,-4.159663079700940402e-01,3.071011730456233479e+01,1.944583618356879384e+01,2.441202884065219791e+01,1.438849302604742952e+01,3.307362973989083343e+01,8.886016310471539725e+00,9.020241092863088284e+00,4.880030969187913570e+00,2.530878343025615962e+01,4.581271102811136586e+00,5.174396127237999465e+00
3.103708552733156711e+00,1.500064904054044312e+01,1.950922292431899407e+01,-9.054471464069797637e-01,1.566394767997258408e-01,3.005230674101754218e+01,2.013788352137520477e+01,2.477943627930329740e+01,1.426801429254949127e+01,3.376030822821088861e+01,8.671260097724623250e+00,9.187544292373845067e+00,5.236718278341966126e+00,2.502634770970731992e+01,4.424472038155116138e+00,5.648377864089190403e+00
2.964785964024570397e+00,1.507948652329700678e+01,1.944163874165617401e+01,-7.136818699244487085e-01,6.325661201243845677e-02,3.016905637807028384e+01,1.959326909607365153e+01,2.636571987121461547e+01,1.449125335883079657e+01,3.540162209825327722e+01,9.083478258893785906e+00,8.684938343991184695e+00,5.749266995737130514e+00,2.447425097698627994e+01,4.052132209966060827e+00,5.804266998342646033e+00
2.990283375285631262e+00,1.505680854422964288e+01,1.952698021131316963e+01,-7.892621902912921872e-01,1.594078823154197466e-01,3.006469705562073358e+01,1.943246491519595054e+01,2.629738409385442921e+01,1.447085387521904387e+01,3.564396395670057416e+01,8.806311246029713047e+00,8.951104021428841762e+00,5.358560979843691285e+00,2.487872514470826957e+01,4.150423711006178351e+00,5.726095242212897674e+00
2.830972192756246120e+00,1.515873602904666306e+01,1.943322971040781511e+01,-6.684704116267293772e-01,3.358805199399930164e-01,2.986378567710262999e+01,1.921649582363065889e+01,2.698236545941342257e+01,1.441259119616253948e+01,3.655909968903885243e+01,8.833296124874520316e+00,8.862506020199528933e+00,5.743550892510597805e+00,2.448777262372155761e+01,3.871784833541873638e+00,6.002227664220074033e+00
2.784399504351968702e+00,1.509710553560703161e+01,1.925346871723881748e+01,-5.399501744888506316e-01,4.793986500275419504e-01,2.958439083713926365e+01,1.897195366309291131e+01,2.777784700416776431e+01,1.404999630313519710e+01,3.758243976040841972e+01,8.981924371950528396e+00,8.574897478466123601e+00,6.077911038399584243e+00,2.401439327442684046e+01,3.676697903919047050e+00,6.128293249705105694e+00
2.409063089342719621e+00,1.547558210937055811e+01,1.926868750187793822e+01,-4.915454704440353484e-01,5.980817829908493533e-01,2.952215478272829685e+01,1.881248293911396630e+01,2.854296878673579130e+01,1.429647679871037624e+01,3.836129085056951737e+01,8.847148405041711072e+00,8.714898907865487487e+00,6.436357051969849863e+00,2.370710043250219101e+01,3.373423783254537511e+00,6.394440139063204853e+00
2.363072109379805497e+00,1.558563965748192892e+01,1.891450340010676001e+01,-1.000679054286644359e-01,1.089544972100516540e-01,3.014788621658495060e+01,1.869460637159010474e+01,2.722559701949750988e+01,1.448629981901444808e+01,3.682685220834822104e+01,8.429326402909778082e+00,9.268584342846683199e+00,6.894056121420460315e+00,2.329034000865695830e+01,3.255868487644877352e+00,6.395590304369762613e+00
2.347201982247061114e+00,1.580553264814436609e+01,1.716462091669172452e+01,8.553212582771079209e-01,-2.036295017692944853e+00,3.175553421750862881e+01,2.141230885626780633e+01,3.000176108061719660e+01,1.225707920684784824e+01,2.845632379461563488e+01,1.705651491224452343e+01,8.545311210571461258e-01,5.439634728434560529e+00,2.404965590998645908e+01,3.023367234989156049e+00,6.980144137384354686e+00
7.213495659524657988e-01,1.768743353054063405e+01,1.816544928558596794e+01,2.913892456802222863e-01,3.377699105318648920e-01,3.003670962913916753e+01,1.913917557808504455e+01,3.469401554752388961e+01,1.235341991240719040e+01,3.008416331476187011e+01,1.494903517824402428e+01,3.290420143250902818e+00,4.945425286223670724e+00,2.529795661050525624e+01,2.203652077491535799e+00,8.041418320710091550e+00
7.080416160844117401e-01,1.759733940051778589e+01,1.635638995128082485e+01,2.388287771899691325e+00,-9.177219126686251283e-01,3.149187070993512449e+01,1.838686424958654086e+01,3.349085469560533568e+01,1.276617407962259065e+01,2.801333357760212550e+01,1.602454181531491528e+01,2.318478166524666317e+00,7.902601160336876873e+00,2.244252298203315732e+01,9.260336404824854872e-01,9.207123278422427504e+00
-9.858006535431852457e-01,1.929830871066121745e+01,1.557926498020795592e+01,3.080962726017972386e+00,-3.776924521912702337e-01,3.096637796705391210e+01,1.664591763514866685e+01,3.476384574743023848e+01,1.238770876787944886e+01,2.925862890612545542e+01,1.552910928673437141e+01,2.875198005459701722e+00,7.902071468179068248e+00,2.236282550142338721e+01,-5.913544634807671452e-01,1.059888807808074773e+01
-2.529245433556294387e+00,2.117532112686780010e+01,1.631588420306449549e+01,2.909156413832797661e+00,8.443002778342175718e-01,3.041533625061963875e+01,1.761162126915892046e+01,3.848564664583923900e+01,1.317671382161749349e+01,2.940872441649178270e+01,1.421801889782665462e+01,4.546354785243606145e+00,9.386783027865778450e+00,2.185066961773869920e+01,-6.601771240804019669e-01,1.126600028391341013e+01
-1.318613909014851870e+00,1.962428507227136976e+01,1.714377088748365807e+01,1.944095761480848727e+00,1.413524298084665176e+00,2.963826887484758643e+01,1.644971580018492219e+01,3.915692791275782980e+01,1.310174174756340904e+01,3.377286823275020566e+01,1.404074033904815977e+01,4.376706573109228948e+00,9.229545885348169776e+00,2.166647932066359417e+01,-1.175434518704039366e+00,1.141078753501424892e+01
-1.964813295907164914e+00,2.026035409939546739e+01,1.472101232890180711e+01,4.314327984048707876e+00,7.334398194598625853e-01,3.035746913123495005e+01,1.569308089388329641e+01,3.873250554736518581e+01,1.124423394708383128e+01,3.027176746056353096e+01,1.467347580672582374e+01,3.912691315715794538e+00,1.080711653650168280e+01,2.011979226391816056e+01,-2.513458664077350413e+00,1.301507600931033437e+01
-1.895083698054530918e+00,2.020290160274869251e+01,1.633244837245420911e+01,2.656210939522191339e+00,-6.030308534712047752e-01,3.161848353318579541e+01,1.668722195698575916e+01,3.752490157857435804e+01,1.447485228439914096e+01,3.444025200657345209e+01,1.495113263766160117e+01,3.528848492539021109e+00,9.432757750890576887e+00,2.115378070946782074e+01,-2.411359749548792841e+00,1.217364045939947026e+01
-2.173925242859695128e+00,2.050649635559718931e+01,1.557542141528538160e+01,3.780287371999323742e+00,-5.055655345938927514e-01,3.157602849778941589e+01,1.615716203540868889e+01,3.805387659621418806e+01,1.445040204272343942e+01,3.191523459260767837e+01,1.480253504093202643e+01,3.645796176490696094e+00,1.093095321336930859e+01,1.981583919903582824e+01,-1.452760626910533315e+00,1.118573730511739761e+01
-1.579277474543108406e+00,2.001680292271310790e+01,1.744113509368198223e+01,9.203531791309000898e-01,8.919904895564132463e-01,2.975873210451298689e+01,1.925494803885757378e+01,3.597708798623472148e+01,1.238796674712661172e+01,3.392142380486957620e+01,1.320543735762257143e+01,5.250531088999251139e+00,6.967547184872446842e+00,2.357995833518759454e+01,-7.718298044474671826e-01,1.135191586659364482e+01
-1.628715399118479734e+00,2.016629109312279411e+01,1.754686956099390471e+01,9.310327841047889574e-01,1.367844045213796988e+00,2.932979824269171587e+01,1.866227599884044253e+01,3.828999860350633355e+01,1.173752680206303189e+01,3.197115124496020755e+01,1.323862283113173177e+01,5.262033391916067337e+00,6.045619145283070317e+00,2.461427337519664604e+01,-1.906147760605880759e-03,1.067028601422839706e+01
1.190015446297914281e-01,1.846245617187892307e+01,1.853339987061368532e+01,-4.313117345279192660e-01,-1.576391700209263780e+00,3.219804881510125938e+01,2.292084968341263362e+01,3.588743964147009535e+01,1.428138497272475860e+01,2.952350648537991518e+01,1.717707850873685871e+01,1.450957119285517294e+00,7.071187079271324727e+00,2.313501901584936249e+01,2.645096888717752281e-01,9.958677543846139457e+00
1.347143203972045455e-01,1.867748651123159220e+01,1.887769523769872038e+01,3.040798576728636626e-01,-2.105312483791754286e+00,3.360162297003005705e+01,2.038163671013530731e+01,3.648514546021272054e+01,1.656092726079699773e+01,2.966480450781816103e+01,1.514430431579550707e+01,3.788169143241272518e+00,6.872672650989576582e+00,2.419446118691343273e+01,4.789608374213919495e-01,9.436021247064259043e+00
-1.057980904367744196e-01,1.883414506280913159e+01,1.910770353044797432e+01,-4.469780704240953195e-01,-5.807967549841775989e-01,3.197017170458535418e+01,2.042953824065711288e+01,3.712432917521827136e+01,1.477370694434423015e+01,3.193009221778882889e+01,1.447547470271382153e+01,4.508975977168216076e+00,5.897941114601708001e+00,2.518505422612407685e+01,-1.132420340375345891e+00,1.170103157915514025e+01
-7.119775689928484752e-01,1.951866152141839805e+01,1.957651504881649984e+01,-7.011686010760467269e-01,3.143048434339937858e-01,3.124309019725822267e+01,2.096579969940993848e+01,3.758103469471739544e+01,1.538269600740510867e+01,3.181416466957776024e+01,1.316644875664698056e+01,5.858001815524568556e+00,7.508202789006115374e+00,2.385475224493445978e+01,-4.993442452224564065e-01,1.114237867645462998e+01
-1.027372034110996868e+00,1.979846230455400757e+01,1.861070082977984086e+01,5.753745387440212244e-01,9.073717681459894657e-02,3.153341179389652282e+01,1.964999251443891026e+01,3.963586098879423503e+01,1.520557740911535660e+01,3.218903638787507049e+01,1.489739436219974777e+01,4.064964794150350613e+00,8.444862905015030563e+00,2.296741428947862573e+01,-9.676844613504137493e-01,1.147686330327687543e+01
1.167064685041147853e-01,1.856466758941033035e+01,1.844747532938539081e+01,8.764445758879048087e-01,-1.334120241634398907e+00,3.295409847701058226e+01,1.929478608744018331e+01,3.868279694272339952e+01,1.550296595349524686e+01,3.276774020458943681e+01,1.493048693519953041e+01,3.953465391636723947e+00,7.121480877940022935e+00,2.424530085376852995e+01,-9.427582429271197384e-01,1.129905127631114858e+01
-8.103687329391359162e-01,1.935754083705462136e+01,1.819332589088201857e+01,1.215106080784327469e+00,3.555704183626823278e-01,3.121830732837853972e+01,1.901514857554289861e+01,3.981892044003264175e+01,1.528842646040338238e+01,3.356703127946757803e+01,1.430901346976744826e+01,4.465270465962530189e+00,9.650197931774789240e+00,2.187596879781746395e+01,-1.308937964844952173e+00,1.195908457455504603e+01
-8.686630381426718728e-01,1.940860947672682713e+01,1.862331207402493405e+01,6.296477502904658241e-01,3.045206384621045870e-01,3.119541839506129932e+01,1.960142343678272780e+01,4.132669206281525476e+01,1.515612317433924616e+01,3.570489110028111668e+01,1.502684691778553550e+01,3.710788251412386440e+00,8.572962158367451124e+00,2.290222368030766020e+01,-1.837972326504127007e+00,1.261943625650248890e+01
-4.146621580614100466e-01,1.897319838661600500e+01,1.901999082558519660e+01,2.653458858904408912e-01,-1.587885803162700227e-02,3.154526683788599684e+01,1.982045671267940534e+01,4.141507667308594876e+01,1.570657908284280779e+01,3.573011432895084027e+01,1.581481614815116288e+01,2.913501309256371297e+00,8.628478275349076299e+00,2.276982323655555973e+01,-1.514120292446729632e+00,1.206677871807901070e+01
-3.791528672876551820e-01,1.886894661672907247e+01,1.900474416865949934e+01,3.881366782390205383e-01,2.079624025647079932e-01,3.131744691787216084e+01,1.904979771621126972e+01,4.224524229813068388e+01,1.548034440445969828e+01,3.723965939832436334e+01,1.520988277044091319e+01,3.425735740360849046e+00,8.194486434876328218e+00,2.325730693936722915e+01,-1.665525934331562041e+00,1.223333641975176178e+01
-7.374102529455659472e-01,1.918100714649930083e+01,1.873066298050531842e+01,7.044352072643802476e-01,4.492393057371708021e-01,3.106801380386819034e+01,1.882878374700445434e+01,4.306419958240614676e+01,1.527145264910164535e+01,3.775920014715416073e+01,1.508941173730119978e+01,3.501325836076431219e+00,8.931368865763147369e+00,2.254167708360010991e+01,-1.965974231064386402e+00,1.255364140093761982e+01
-7.922458579078140994e-01,1.909624760443006508e+01,1.851916821967788707e+01,5.294791766181364823e-01,5.742171414308795407e-01,3.047424016845072003e+01,1.836494513775381066e+01,4.422942486814591945e+01,1.379498260953508293e+01,3.826643305663167638e+01,1.470599160316318077e+01,3.581041642525864876e+00,8.224638006461333362e+00,2.262211243751437806e+01,-1.423988799208057543e+00,1.156905964450143109e+01
4.090910369846618988e-02,1.794656366300935701e+01,1.790299683902557959e+01,8.302960390429715565e-01,5.745906999148500671e-02,3.046161018553654998e+01,1.911439778591275029e+01,4.279111643644998253e+01,1.337682521574167183e+01,3.891465636899469871e+01,1.666894879535549734e+01,1.268739456644754071e+00,9.103778753803823065e+00,2.122070548185907768e+01,-1.517448041242957402e+00,1.162124595836416674e+01
-1.642661849347206715e+00,1.960995216099342642e+01,1.696025130163229377e+01,1.589403599337425810e+00,6.005678774833539402e-01,2.967546463375421339e+01,1.897695885075324895e+01,4.370505285351690361e+01,1.271276077615276279e+01,3.851169631243896418e+01,1.649096364664533354e+01,1.379626097961057951e+00,1.007842881378590505e+01,2.004887798986358050e+01,-1.949907252697556714e+00,1.208972762158504821e+01
-7.506747289579862592e-01,1.837278928940931877e+01,1.714325568638594532e+01,1.228367675580599006e+00,-1.283338092804762742e-01,2.987487914334831274e+01,1.910696128025859508e+01,4.183034062773559469e+01,1.346793434427817893e+01,4.031411012672732852e+01,1.680997166898842465e+01,5.936128206486780412e-01,1.032934872828007400e+01,1.914923715615076460e+01,-1.292211258735782353e+00,1.083816871563679385e+01
-1.386313848598137222e+00,1.846689275823280241e+01,1.628253853790087646e+01,1.965041130239504552e+00,2.848064817697445239e+00,2.637962089598213211e+01,1.669948510518511142e+01,3.888168674430189498e+01,1.151314575099538118e+01,4.513752260939603644e+01,1.051586661674478584e+01,6.231763415183674937e+00,1.387034155521026157e+01,1.526951208275318983e+01,-1.007437592829986128e+00,1.035910987010310613e+01
-2.994981551719724244e+00,2.056500398271737140e+01,1.857968290937450817e+01,8.249769102426385281e-01,2.818827978239311971e+00,2.750770395968151760e+01,1.776334866651643907e+01,3.921178324989886477e+01,1.695693624544637146e+01,4.721050220914355577e+01,6.499972268764246941e+00,1.067653154286680639e+01,1.638266175928697521e+01,1.385642772759513974e+01,1.897193228871131288e-01,8.668995880583771907e+00
-1.521031909004536775e+00,1.884824314646176902e+01,1.814613410563924134e+01,6.862370840847953346e-01,2.622716007476447508e+00,2.718237036028801157e+01,1.774413907895969089e+01,4.053132607052158676e+01,1.394732501793432533e+01,4.947438167405783105e+01,8.676828617569434243e+00,8.190015774199606469e+00,1.398070589308988154e+01,1.573867158532837607e+01,-3.844750412874976542e-01,9.493434390563004754e+00
-2.888301364335057020e+00,2.044306472679174291e+01,1.842759861135920474e+01,4.725718041315953855e-01,2.719520370276769405e+00,2.733592328238511371e+01,1.850846150727694805e+01,3.946616057767752750e+01,1.524986196751353873e+01,4.774637258652680316e+01,6.735359709691417507e+00,1.035195033705522505e+01,1.600110852618731627e+01,1.379718930183621062e+01,1.103808672168813676e-01,8.594912795164878716e+00
-2.022862783213629001e+00,1.916557628137744373e+01,1.739244392650095961e+01,1.613370950606864751e+00,2.227402123622191255e+00,2.730164130163813851e+01,1.720502662261325710e+01,4.053125077950407018e+01,1.501375321418069753e+01,5.033780568529410715e+01,1.032232493278978680e+01,6.341499685201311465e+00,1.377630987512482719e+01,1.588020792998487707e+01,-8.458718054857605750e-01,1.013103943203376822e+01
-3.177926377133600155e+00,2.044937550254230274e+01,1.827364205184929702e+01,7.978399250742547189e-01,4.485775070538563725e+00,2.544710473461184819e+01,1.619285603899150416e+01,4.366131604117349951e+01,1.480328780460849813e+01,5.178950132746555113e+01,9.041233555408876299e+00,7.833433772795266314e+00,1.509280656754927463e+01,1.492353276953192420e+01,-1.696252630595541877e+00,1.105212382607021482e+01
-3.439954896705895493e+00,2.076355908909841474e+01,1.658498970995531607e+01,1.523966849314755567e+00,3.727405566281960958e+00,2.580105416982457456e+01,1.976162407891676054e+01,3.541549511739889766e+01,1.237366930656335029e+01,4.715697741153795164e+01,7.356595276325450072e+00,9.791015779472346026e+00,1.459693022937382700e+01,1.530168672518306927e+01,-2.342610473486993250e+00,1.289321494452313743e+01
-3.114960358498949144e+00,2.052291005418033976e+01,1.744271342245175305e+01,1.782622543181684227e+00,2.439331483224212782e+00,2.752067324473560106e+01,1.688544554436036549e+01,4.002908965760644122e+01,1.563472734163928024e+01,4.831922383816774413e+01,7.453058359717511294e+00,9.527106766868540078e+00,1.481495654004816842e+01,1.516218824222885431e+01,-5.647619783198614130e-01,9.636199434660639440e+00
-2.852191944551325520e+00,2.030665723061908778e+01,1.881613602328987866e+01,1.441577569960938998e-03,4.107299657579027041e+00,2.561024778643543343e+01,1.936445459031228467e+01,4.098699336434249574e+01,1.465088791031464055e+01,4.923404084913428846e+01,8.233168102567654856e+00,8.706072317788695614e+00,1.353181173148600358e+01,1.655837967886182227e+01,1.432208142867505418e-01,9.809626595920860836e+00
3.172230799618446229e-01,1.724314777120002873e+01,1.712892360900392674e+01,1.497390160794401348e+00,5.376460533505386108e-01,2.935376489546903045e+01,1.699519258201172889e+01,3.184142848518868973e+01,1.562192142317366006e+01,4.550038109684290788e+01,1.853186278968849621e+01,-1.145292563237334971e+00,1.055945631770134518e+01,1.903774192111319863e+01,-1.822837891598760418e+00,1.128789218047718457e+01
1.571984179430600204e+00,1.601077216483712817e+01,1.702840354145908819e+01,1.573681968941940568e+00,-2.009491263538873418e-01,3.012850607334298658e+01,1.733211688089630087e+01,2.804735888362954555e+01,1.569136222455987451e+01,4.330462377001731511e+01,1.845108268812694874e+01,-9.942523445969581042e-01,1.049531545024946766e+01,1.905889433032734104e+01,-1.062201546048718415e+00,1.044544415212011046e+01
6.516137715061458557e-01,1.703207560491605932e+01,1.832034799205946740e+01,3.803957028607150015e-01,2.041699123975800667e+00,2.788539318226665742e+01,1.715482509947123546e+01,3.149276739909417344e+01,1.533550420903604916e+01,4.525072220380089760e+01,1.712838425209177728e+01,2.819987751734701620e-01,8.700013996499308178e+00,2.121718608748881962e+01,-3.057502971749166409e-01,1.023811826339342090e+01
1.459919560614563183e+00,1.673488770345470655e+01,1.767298917124823632e+01,8.874315430993952036e-01,-1.849013905919111966e+00,3.218204751225339066e+01,2.003827952749436747e+01,3.357419530166958310e+01,1.579188114949135979e+01,3.971601736307307107e+01,2.497588479013645824e+01,-6.869554705063741551e+00,6.043163922695715229e+00,2.401665196521129175e+01,-1.609431579338902907e+00,1.188251900688682205e+01
1.657715117182017694e+00,1.631249206258296525e+01,1.756570224884023190e+01,5.150804460960947129e-01,-1.083077748704040166e+00,3.078959334669965742e+01,1.957009980574397190e+01,3.550739071817351089e+01,1.384191090805476065e+01,3.942035000529403277e+01,2.556406914045995293e+01,-7.818645668502672841e+00,4.708629181353158444e+00,2.473644846882869075e+01,-1.035084276445141338e+00,1.124079005877839776e+01
1.389466330346422085e+00,1.667248942576887671e+01,1.740992899646800396e+01,1.118741958150124782e+00,-5.743935134825255417e-01,3.071802030891875646e+01,1.849767664835917103e+01,3.670387071911447663e+01,1.405177769125398868e+01,3.870022205607730115e+01,2.470613398615275713e+01,-6.778212599616128209e+00,5.860231104642512179e+00,2.408580934390053940e+01,-1.266215558401922792e+00,1.158377282333419522e+01
1.199687890709519422e+00,1.689695794305866983e+01,1.731651720098602709e+01,1.276786654631334450e+00,-4.835810394479403418e-01,3.077158096442298785e+01,1.749690086500274333e+01,3.750715350301263840e+01,1.390749448266738142e+01,3.955454783941921448e+01,2.445704450027829679e+01,-6.450208360559724241e+00,5.292845612670532773e+00,2.474440599071823144e+01,-1.912217836035143392e+00,1.219944832201318086e+01
8.052570902964375499e-01,1.736416153037951915e+01,1.715401031610041827e+01,1.523607439083866755e+00,-1.806786421244747642e-01,3.064174489665746037e+01,1.745055796222153077e+01,3.767174003832996476e+01,1.388923229238858426e+01,3.875055243275211581e+01,2.424524751483150808e+01,-6.101674351386256134e+00,6.002090433081772147e+00,2.424152464997057166e+01,-2.193154037939013534e+00,1.262795424126217725e+01
8.564958788341179297e-01,1.727645434256192303e+01,1.729441401396770672e+01,1.417258301526814757e+00,-1.430532999896045321e-01,3.057857790511727458e+01,1.720348273532015071e+01,3.832941236854796330e+01,1.400898192092676631e+01,3.973083843277220240e+01,2.435817995300224936e+01,-6.273724761324681154e+00,5.687597818380350390e+00,2.453835958683195173e+01,-2.275050114114320010e+00,1.267465151241679955e+01
6.885433828647613552e-01,1.735183187457681697e+01,1.692886601595131779e+01,1.667713566272318149e+00,-9.568574287677425461e-02,3.037106314809921059e+01,1.762628175481443904e+01,3.796758817894597371e+01,1.363663918943035114e+01,4.023733412603751702e+01,2.431904318086476735e+01,-6.347056035786025063e+00,6.620895218153773243e+00,2.346852975276243924e+01,-2.409943173142842454e+00,1.282605282781095468e+01
6.549955187243027277e-01,1.720359888501115364e+01,1.703271759295881793e+01,1.418285952595505606e+00,2.075366626135377313e-01,2.974951155647850953e+01,1.807590920833278858e+01,3.868015696251527658e+01,1.340132032811167306e+01,4.204340928918576736e+01,2.442714423350695796e+01,-6.737327170923528286e+00,7.200016623925447945e+00,2.261581770874815689e+01,-2.232416523174316492e+00,1.256468948719722967e+01
-5.706592275808189951e-01,1.781478115726858036e+01,1.696359852037635463e+01,1.563704977235386373e+00,4.112162490883961574e+00,2.532618772059981538e+01,1.391728985236665217e+01,3.746353155387977552e+01,1.233620172821492389e+01,4.927481154672290842e+01,1.678870243180357846e+01,8.682119411091462902e-02,1.013193073236156927e+01,1.931015281894186586e+01,-1.760667028846609750e+00,1.150092071882315992e+01
-3.854043973302965664e+00,2.095514457084343007e+01,1.595128572966180514e+01,2.176460180910685605e+00,6.795172382135070244e+00,2.222736063964845243e+01,1.175963884752538036e+01,3.886683831588563010e+01,1.154232810095464501e+01,4.838228749649842086e+01,1.548547962529518962e+01,1.220107831526829667e+00,1.328793446575109272e+01,1.559137783720479398e+01,-2.518999140512361290e+00,1.178729141305815986e+01
-6.741360855601568502e+00,2.435324622645735815e+01,1.642814935187632130e+01,2.161982720678739867e+00,5.915849357980651924e+00,2.336761768269256123e+01,1.197944919304547184e+01,4.478203424548826916e+01,1.300573054357071001e+01,5.093959561603272590e+01,1.498876422031097277e+01,1.912449921313986501e+00,9.448936476257124184e+00,1.983618473817599437e+01,-2.173989948734472044e+00,1.142015483085900662e+01
-2.377364985595708191e+00,1.958761338541499342e+01,1.656373080012066268e+01,2.688135363984263115e+00,4.649816844691534001e+00,2.517657045313641007e+01,1.306448439353561675e+01,4.072934064893490103e+01,1.426932542523511849e+01,5.271450180174359446e+01,1.664537966261135082e+01,2.362855643290252550e-01,1.299753449600586563e+01,1.705290340860594256e+01,-3.144879627242012532e+00,1.302577174102268387e+01
-2.347453461781239259e+00,1.941720670234449031e+01,1.622153246762529122e+01,3.032341150801189045e+00,4.943049480331003664e+00,2.484400721700571779e+01,1.252229394929240947e+01,4.047206377928501553e+01,1.415060426151647732e+01,5.388767959265685903e+01,1.662422626616878318e+01,1.379503195809433092e-01,1.479001356641537868e+01,1.513056369161112258e+01,-3.580296070871622049e+00,1.323773342839561806e+01
-6.273525178561197180e+00,2.334151281277139134e+01,1.483004606101625278e+01,4.296268286118224644e+00,7.446360468207562811e+00,2.220419860131016776e+01,1.035357189129241107e+01,4.226803215216573051e+01,1.317723570764807306e+01,5.318030601056261730e+01,1.255240086884905182e+01,4.171797281341058650e+00,1.826873051771761780e+01,1.146523504888458334e+01,-4.262865193378646111e+00,1.357817494374998191e+01
-3.370222121191695397e+00,2.041153602697849223e+01,1.640042256635991791e+01,3.087994379850438342e+00,4.671196149535818520e+00,2.503421726404839021e+01,1.259292840349435316e+01,3.978663320603120468e+01,1.594850646533961225e+01,5.545774083513363450e+01,1.588187493696265840e+01,7.014929597155016294e-01,1.599287318004136971e+01,1.380019177444950174e+01,-2.953124311269874180e+00,1.207536062807996480e+01
-4.810501668455942514e+00,2.159141273793551363e+01,1.507507107796045176e+01,3.841989329118663754e+00,7.576361627684284450e+00,2.171560704508040374e+01,1.148012554715932687e+01,4.038553258944475743e+01,1.206896284258425922e+01,5.551272940725419147e+01,1.315420275047911858e+01,3.305408483436724332e+00,1.629156076766901151e+01,1.350691963686440644e+01,-4.438097420857252118e+00,1.461685796028923434e+01
-2.497423636990809825e+00,1.921160753362632789e+01,1.631209836333711749e+01,2.657650420892068155e+00,4.833766520179382908e+00,2.446451457548870678e+01,1.344467241605821251e+01,4.205866163881365338e+01,1.427170901986729135e+01,5.991043368854592899e+01,1.766691490822744370e+01,-1.328387783411161926e+00,1.464447978891882407e+01,1.493317074379645959e+01,-4.944350868937370080e+00,1.477791518901882739e+01
-6.219924859839331965e+00,2.347676141789957072e+01,1.451128228736763326e+01,4.408162613127842633e+00,4.028001420427104406e+00,2.566998440029298578e+01,1.383069633283670008e+01,4.408556794118820932e+01,1.475970478636075534e+01,5.395509684158572128e+01,1.919057982369511706e+01,-2.240388713659149378e+00,1.793671935450379706e+01,1.159858977762904431e+01,-6.014308714808571210e+00,1.529485715564965176e+01
-1.009436915408415381e+01,2.747739249157991281e+01,1.228062535635986485e+01,5.980223717239683268e+00,4.097600368757079892e+00,2.521066517208500457e+01,1.786758744485399575e+01,3.931498648771878379e+01,1.610619980523892991e+01,4.790821954568082930e+01,2.130167220936780126e+01,-3.966731302479032717e+00,2.212930708229590948e+01,7.347358452858624212e+00,-7.857319474464777187e+00,1.820674995160005949e+01
-3.476064516463945431e+00,2.035364424228132663e+01,1.554443218809124971e+01,3.136736780849428197e+00,4.370325884661128590e+00,2.481670158790608838e+01,1.520864796857351919e+01,3.482616156903015536e+01,1.552689540483737929e+01,5.425068853498490995e+01,1.786766836506236089e+01,-1.262605237396418278e+00,1.651314078358233672e+01,1.291093296206387286e+01,-4.315081419675032670e+00,1.418052522753967892e+01
-2.862873390356569292e+00,1.970926038666002356e+01,1.437405918067510768e+01,4.024358152890340712e+00,3.599139065013727379e+00,2.552882666871698802e+01,1.505121220999912524e+01,3.604356263361546553e+01,1.325873933056113785e+01,5.342363786297148920e+01,1.818960966230102017e+01,-1.463324634321351514e+00,1.448362795241177103e+01,1.497842541819537310e+01,-5.705747783190022737e+00,1.620638058130450077e+01
-7.447912829497558285e-01,1.769869712231952263e+01,1.698858069529865844e+01,1.502064317069797372e+00,1.730003918049031419e+00,2.759113735054378580e+01,1.764125012444842966e+01,3.695054573179957202e+01,1.656393827171434197e+01,5.262972174097272671e+01,2.056139271268440893e+01,-3.823266768592640918e+00,1.512937583803575237e+01,1.402493097135892164e+01,-3.887071879534587104e+00,1.329796966584899032e+01
-3.026110206886686305e-01,1.718750264520948789e+01,1.643620373123275158e+01,1.800816503180207917e+00,1.683866211839136096e+00,2.751886479594726609e+01,1.732586254782336965e+01,3.533750529682340158e+01,1.548959992432126853e+01,5.255539980879052564e+01,2.066747122850274465e+01,-3.924382380796640035e+00,1.457696433485606136e+01,1.444307734727564885e+01,-4.465804052332443597e+00,1.404991678070686412e+01
-4.009608432819014023e-01,1.762419141820259583e+01,1.733766956441594687e+01,1.250824110127366939e+00,1.833694555059541598e+00,2.778560835844517740e+01,1.843720322090279851e+01,3.569806460853802577e+01,1.585801920678675891e+01,5.165622199970041351e+01,1.854130676104034237e+01,-1.554409153215135841e+00,1.383014257973081484e+01,1.576873324705558588e+01,-3.012194646421407995e+00,1.284854878022279578e+01
-2.859185678763416782e-01,1.763143359026251034e+01,1.762594482626737857e+01,1.280760000429002510e+00,1.757014239548535750e+00,2.806417826974394814e+01,1.811448822241364809e+01,3.627269180790088399e+01,1.658570714606534580e+01,4.949044370761246370e+01,1.829202006889098442e+01,-1.235973263951372525e+00,1.445846948662537557e+01,1.526955408302995920e+01,-1.849031453228871413e+00,1.137098660592006638e+01
-1.581776638706850757e-01,1.758666867645412779e+01,1.891722373612537211e+01,-1.065429112346411716e-01,1.573752771638951220e+00,2.813690349282834902e+01,1.822424499379400231e+01,3.678633984034600957e+01,1.710236349161937497e+01,5.245272941359952767e+01,1.729575475986350241e+01,-3.198416069357551406e-01,1.078856679531149254e+01,1.884549123529691173e+01,-1.237499946545382201e+00,1.066315417486484662e+01
2.863316118620721773e-01,1.707467708497846104e+01,1.892552001341593026e+01,-2.480732995734412361e-01,1.555354615590124778e+00,2.809376758553208475e+01,1.863080447716230026e+01,3.570321460087151166e+01,1.714972578247275692e+01,5.267460535056755333e+01,1.794623311159035595e+01,-9.829371118275680441e-01,1.121924218092140180e+01,1.833825680911217404e+01,-1.543018838341495780e+00,1.104998934908576125e+01
4.635998802541830832e-01,1.697503010956086911e+01,1.955588518489940597e+01,-6.528160925744697085e-01,1.812053136507831175e+00,2.793648762912778238e+01,1.918003935946398286e+01,3.652014691904807364e+01,1.742267324860541322e+01,5.246387018820021808e+01,1.717591397818911858e+01,-2.090720925771378802e-01,1.062852587209806643e+01,1.921314624831396856e+01,-5.658197048871684842e-01,1.028978460837987896e+01
4.903825926002149393e-01,1.691235447770753453e+01,1.955541770875091245e+01,-7.135637071973766066e-01,1.847090093088647800e+00,2.786157125824164638e+01,1.865016736799218222e+01,3.733922927763981647e+01,1.706656404963185736e+01,5.383947519982327634e+01,1.734344949699626781e+01,-4.345783330254590626e-01,1.018519137676621611e+01,1.954473733252649481e+01,-9.166013463687203711e-01,1.051573885454858015e+01
3.066180875533539019e-01,1.702447931094605593e+01,1.943389016081097154e+01,-5.605337877471789909e-01,2.054382691085350654e+00,2.762546168362177568e+01,1.838050821109981570e+01,3.818022174361779975e+01,1.698374421909961995e+01,5.493563549974656013e+01,1.739565723218007420e+01,-5.614215601594134686e-01,1.067074018321952167e+01,1.904977827586718320e+01,-1.269031705106403507e+00,1.086200203809313791e+01
1.491422523239255282e-01,1.711781516262501412e+01,1.949192883234166018e+01,-6.822432484530407404e-01,2.441160837092793301e+00,2.716637324039476553e+01,1.838399401783753717e+01,3.864786506009795630e+01,1.680749216313917316e+01,5.585455104526279513e+01,1.731067493470197505e+01,-5.435761403012890902e-01,1.091869360726288996e+01,1.876575290400271712e+01,-1.509183716795582608e+00,1.116232192689038882e+01
-5.370164995979671840e-02,1.731011485285261031e+01,1.925039543188421476e+01,-3.214816414756965224e-01,2.108585408295464703e+00,2.754102263917735982e+01,1.867357199614120233e+01,3.894961049041580736e+01,1.729272247681289798e+01,5.594477674641086651e+01,1.769047114808741483e+01,-9.295560103158402310e-01,1.189062532874316247e+01,1.784145863784057440e+01,-1.666931851213243831e+00,1.128042917936739542e+01
-1.381955501254341412e+00,1.867473010876684469e+01,1.939297150625345267e+01,-5.105754115368539292e-01,3.371079057135571322e+00,2.623994333511005195e+01,1.752826098358712414e+01,4.070966925034382911e+01,1.668675423240896549e+01,5.691248339768814191e+01,1.577154940309019260e+01,9.200441842819945260e-01,1.216846249264154700e+01,1.745354535628077741e+01,-1.472526122830962958e+00,1.077919212769404034e+01
-6.655788589906506125e+00,2.418808063814926967e+01,1.693290320098126500e+01,2.526434940750181379e+00,6.833977426060517502e+00,2.309730584429247813e+01,1.247499130019160951e+01,4.296242560419997147e+01,1.604405228913029191e+01,5.026408797193276001e+01,1.166954962835992404e+01,5.231823545312692225e+00,1.815508711403735020e+01,1.165298553652702829e+01,-9.898271948242645113e-01,9.517402803573579817e+00
-4.033393671207856634e+00,2.135838558391406750e+01,1.800332578917187831e+01,1.044740965671546284e+00,5.306135159999660900e+00,2.441367599060557225e+01,1.579825475026598980e+01,4.321173507906424760e+01,1.630520031868046260e+01,5.416190525990562321e+01,1.611328274618465528e+01,6.512250080224795123e-01,1.706571668774494555e+01,1.256489614515016662e+01,-2.082129282503811574e+00,1.109326244371435166e+01
-2.986468349755591056e+00,2.001353431177157915e+01,1.575714673334173632e+01,2.665395263517115421e+00,3.649341857661814625e+00,2.568816448480260561e+01,1.659105642826448701e+01,3.958052585504233889e+01,1.396330838990742151e+01,5.362808720214041358e+01,1.738952269256461136e+01,-6.316305030747912941e-01,1.641565261382276475e+01,1.294119385671443645e+01,-4.567239414982284806e+00,1.436605602958786143e+01
-2.421230412866908210e+00,1.954113757196287438e+01,1.726426985765058930e+01,1.772237903129122660e+00,3.554553856469081730e+00,2.598595581486338446e+01,1.760065709285248658e+01,4.027778283139481630e+01,1.589671355873488956e+01,5.425346244000204621e+01,1.569834178868930685e+01,9.807236172615175773e-01,1.554371236306675996e+01,1.431680619802055254e+01,-2.443048406740364165e+00,1.235066666157936588e+01
-3.395058812787591584e+00,2.067394412597254671e+01,1.660516338292505623e+01,2.513112798097625777e+00,2.799002809787448420e+00,2.696301648865365408e+01,1.644419297053995876e+01,4.200975673813497480e+01,1.641974054643140590e+01,5.321275151351612465e+01,1.706985929121372436e+01,-2.289242563496149963e-01,1.708626524821826820e+01,1.253698034801296046e+01,-3.081832822310775821e+00,1.215126314962118315e+01
-5.689113564196722983e+00,2.289032768105840532e+01,1.679745954213871428e+01,2.055459495220617328e+00,5.701224042694523320e+00,2.372042105131788858e+01,1.544431402278893550e+01,4.497306176475216688e+01,1.468323697234336045e+01,5.594012515994482726e+01,1.393177481107487203e+01,2.719354655655118247e+00,1.566861897775381607e+01,1.401984287302444088e+01,-3.414447015167742183e+00,1.311160296113012436e+01
-2.560143590695922899e+00,1.959260275082957037e+01,1.769531894424474672e+01,1.067507762086974843e+00,3.003249577787069136e+00,2.642144212964549865e+01,1.795471709103163960e+01,4.157728987879652749e+01,1.678009388142284308e+01,5.855390220386303213e+01,1.745569216212995300e+01,-8.689255843940500990e-01,1.552175105067006200e+01,1.396625536074759744e+01,-3.906248477562894728e+00,1.343844133339194080e+01
-7.366873192889317856e+00,2.460021860846432773e+01,1.431955890698369416e+01,4.968654097601550745e+00,6.828275719394547139e+00,2.287614844987351503e+01,1.285226336362211619e+01,4.578133826447655963e+01,1.196056589606858900e+01,5.265910409348744992e+01,9.201569900244331635e+00,7.569562010935967145e+00,1.792873215217887051e+01,1.229520593212310509e+01,-3.644646542157480518e+00,1.371349229247963741e+01
-7.043244864187300891e+00,2.437938180817144840e+01,1.597326988943463455e+01,2.243862153021646044e+00,3.109684880693495135e+00,2.615780246537548237e+01,1.878442690829373518e+01,4.329963272843054511e+01,1.675064727494936889e+01,5.557233385646087243e+01,1.843868342976719887e+01,-1.499378994985040681e+00,1.716598207293499811e+01,1.199599100449509947e+01,-5.839547853732637961e+00,1.534180747150856483e+01
-1.095299851543470560e+01,2.878515448521857678e+01,1.485540927086980645e+01,3.184336017425665855e+00,4.589241918700777134e+00,2.488059403270048264e+01,1.687141446006722134e+01,4.747396399678970624e+01,1.434408897600345334e+01,5.275578341805982774e+01,1.502595102037539476e+01,2.347076690814374089e+00,1.513456384409722411e+01,1.422249064118313200e+01,-6.387774285319066436e+00,1.605486449425256978e+01
-6.040253860538721931e+00,2.355771066648304313e+01,1.468142986823858287e+01,3.848696726629224685e+00,2.805995070113934897e+00,2.706786811729209319e+01,1.690953264027411862e+01,4.148770499317075178e+01,1.503744718890778209e+01,4.893048523044944176e+01,1.602238537903902582e+01,1.319265054661501235e+00,1.928904154654488678e+01,1.020993741632160301e+01,-5.307557591369346461e+00,1.453302432832674462e+01
-4.019267073192848372e+00,2.130747088464482530e+01,1.781137200075702864e+01,7.239826849321149282e-01,3.650066450330147205e+00,2.578156765436389364e+01,1.832262655669499196e+01,3.995279155858265341e+01,1.662639507934540362e+01,5.729018115950099599e+01,1.558663918276258187e+01,1.194903043653745112e+00,1.479442497068690443e+01,1.468250042652327281e+01,-3.419402982353048959e+00,1.297072983470894414e+01
-1.449688302280052188e+00,1.881846848803145633e+01,1.942056570050043263e+01,-8.184967534069318429e-01,7.591271395429228797e-01,2.883179806545836144e+01,2.177404913164406253e+01,3.886879496582201199e+01,1.968468175288251132e+01,5.307977882246978396e+01,1.848045561915098034e+01,-1.592702961379666160e+00,1.616933755127268668e+01,1.304486367125288560e+01,-1.650787931331385350e+00,1.039997212820177985e+01
-1.291702066652943293e+00,1.868532866441493567e+01,1.943542729387180401e+01,-6.893444145381737442e-01,6.212639581726843163e-01,2.900477864592095045e+01,2.149460855010405069e+01,3.817820095637105027e+01,1.979551560315329084e+01,5.376469832776894009e+01,1.753960305107860052e+01,-6.639196895041433732e-01,1.512981333888787283e+01,1.423058612437363735e+01,-1.338851321381727910e+00,1.021378270458704485e+01
2.627358154005615676e-02,1.725405481501755389e+01,1.960038099314507321e+01,-1.285610706057302766e+00,1.216414837631395240e+00,2.816851038141127717e+01,2.052022408682795529e+01,3.934335936404090717e+01,1.691522754534741679e+01,5.678388051225613253e+01,1.765995246822129516e+01,-8.871675072852261978e-01,1.063722291481424698e+01,1.864673389800275771e+01,-2.177459171595754750e+00,1.171337813024169527e+01
-4.832039533598891934e-01,1.792379689598467252e+01,1.965438904755383476e+01,-9.631482895405268918e-01,8.493970603572782441e-01,2.871618358178161756e+01,2.001647155921311594e+01,3.841490119365862199e+01,1.823945355131949952e+01,5.467734988049097922e+01,1.662340347924120820e+01,2.227485100617728753e-01,1.110311742185233541e+01,1.828771756410046834e+01,-8.834115937947544239e-01,9.973522698777006923e+00
-4.575713358000056963e-01,1.786675036888973978e+01,2.029769191309537746e+01,-1.898301038588699363e+00,1.711934288629359369e+00,2.773518349881820200e+01,2.148001060377770344e+01,3.842834599409377461e+01,1.797670937654640255e+01,5.575552168093727090e+01,1.691540997997943663e+01,-7.681764210529407055e-02,1.121739453889536264e+01,1.819986620708564118e+01,-1.141664624061751399e+00,1.068495443173570969e+01
-3.495892143409305985e-01,1.787194386424834391e+01,2.071608434952963052e+01,-2.086980932117755039e+00,1.500625563122202522e+00,2.813981557892782703e+01,2.140625799290029008e+01,3.919396053223290011e+01,1.848692655901556847e+01,5.617215626642801851e+01,1.657991312600328371e+01,3.144418112824566847e-01,1.083610447895575390e+01,1.874992934342893847e+01,-6.643875281506428365e-01,1.007551512743587452e+01
-6.575532209460608346e-01,1.810354243797048213e+01,2.141386804149689027e+01,-2.887592912325746219e+00,2.521424972165080547e+00,2.693009127109270651e+01,2.123138023020394982e+01,4.066764146687457782e+01,1.847633344250817089e+01,5.754316038859533222e+01,1.641259612526268441e+01,3.275110657309092121e-01,1.019311138450887633e+01,1.928849128629697773e+01,-4.115332308873476674e-01,9.860240772203507476e+00
-2.439242850133246376e-01,1.765039824321940998e+01,2.076371562795196724e+01,-2.300281467384948542e+00,2.007461987241198731e+00,2.747594512876520767e+01,2.167776289989002336e+01,3.913406583004955763e+01,1.800779107854667416e+01,5.708536775558663123e+01,1.657964393371814538e+01,2.131957021186478007e-01,1.101716629467902209e+01,1.849676819483386936e+01,-9.361695534977549915e-01,1.054937482209584587e+01
-2.198121974357412634e-01,1.758227105404407098e+01,2.092133503753150947e+01,-2.142231001212168362e+00,1.843683561843512786e+00,2.770870707651195275e+01,2.083558217833676451e+01,4.110095767867235850e+01,1.874694319625719174e+01,5.858146692116554988e+01,1.696769251297492076e+01,-2.876726216409311032e-01,1.110388512698304808e+01,1.846176962979483704e+01,-8.248874746798549040e-01,1.017902592324950106e+01
-2.203090124082819901e-01,1.753383383305013155e+01,2.087184591813393197e+01,-2.102047274113846065e+00,1.851338420972884480e+00,2.765764254831612234e+01,2.067038766092881019e+01,4.150777747799401141e+01,1.866640840744945251e+01,5.948789956793395817e+01,1.706152075707295879e+01,-4.375234481992433810e-01,1.101922054495263836e+01,1.851107920878637714e+01,-1.063824996237913822e+00,1.041731777498313249e+01
-5.613609290491369253e-01,1.783089297874604640e+01,2.076701275449977757e+01,-2.048513794917089736e+00,2.283548685707290637e+00,2.717215543704665137e+01,2.070257464459064423e+01,4.201133233426477176e+01,1.835496053948002881e+01,5.989742877185096148e+01,1.681322381430726054e+01,-2.314462980354226596e-01,1.155585657956724965e+01,1.796775224181138952e+01,-1.279402181559781138e+00,1.071772630628725587e+01
-1.589864275085792533e+00,1.893462129962117402e+01,2.052430516482399625e+01,-1.731658462317097413e+00,2.781464440945226269e+00,2.676396142272032108e+01,1.915759021930985284e+01,4.148277227077507234e+01,1.856100539189249332e+01,5.874131601123107060e+01,1.514451109586408961e+01,1.459558393757955708e+00,1.305797410126908531e+01,1.626770207519378175e+01,-7.996974146664179717e-01,9.487162471134018560e+00
-6.019062070873768100e+00,2.343818459564896273e+01,1.852652651098102510e+01,7.240518859573275012e-01,5.828230506646192133e+00,2.378117339800075669e+01,1.676343680521385693e+01,4.346375021068091371e+01,1.862258683531926451e+01,5.302975474827088220e+01,1.270150578582562773e+01,3.980529095206685852e+00,1.881799440376078536e+01,1.079819242112039390e+01,-4.299747971087097276e-01,9.095737873413916930e+00
-6.135774077975535867e+00,2.341759291775728258e+01,1.723419672762133814e+01,1.771572031798163138e+00,7.007324234504466176e+00,2.253219683966575460e+01,1.295160575571797779e+01,4.794246634313520161e+01,1.482802262871115495e+01,5.551662529816764646e+01,1.359018146614994649e+01,3.020364478140936004e+00,1.685326536548951282e+01,1.257893380456401111e+01,-2.580935086868669792e+00,1.135683274769862372e+01
-9.815713560916686120e+00,2.712765523718964289e+01,1.734054716865477275e+01,1.110529518967407814e+00,5.843684779153151432e+00,2.301006066517393833e+01,1.749453554328138694e+01,4.941764804539077716e+01,1.808529321435109694e+01,6.201667961914416338e+01,1.627267494197350572e+01,2.387298462033374258e-01,1.462939958862707357e+01,1.459379506991145981e+01,-4.983353623717392544e+00,1.469731268826082449e+01
-2.490565364450573860e+00,1.960290126945884737e+01,1.941198808947173049e+01,-7.756520882825377328e-01,3.533369532237699673e+00,2.574869904881217053e+01,1.831314024345468994e+01,4.457103342223297204e+01,1.672351907760657852e+01,6.292777119784916806e+01,1.563448406090822296e+01,7.562060591363972684e-01,1.267584686115666592e+01,1.665042949240848458e+01,-2.832633647074579653e+00,1.212536620480457472e+01
-3.254382067284814717e+00,2.013871595275168147e+01,1.921131244292910978e+01,-6.405231795966476183e-01,4.521798066946636219e+00,2.451211861702288175e+01,1.924711372423890765e+01,4.353202778945577478e+01,1.835344048196532185e+01,6.086427760418825983e+01,1.759918867765544448e+01,-1.351132641562681869e+00,1.734978247723578093e+01,1.175246600227088933e+01,-2.926495827925309712e+00,1.212566071105459464e+01
-5.058670467665076664e+00,2.237239442520291277e+01,1.811077534462070204e+01,5.640505812322662571e-01,3.511647689796960847e+00,2.595216035415633726e+01,1.875899915809019092e+01,4.460440828941812441e+01,1.714814451672018336e+01,5.821031850126607310e+01,1.402159141274315068e+01,2.667430231451445533e+00,1.602541801132847965e+01,1.339459646274148419e+01,-3.178756486638071088e+00,1.231675187758785484e+01
-4.633224522942739121e+00,2.177156141475848017e+01,1.932446362651459637e+01,-6.280028769876871975e-01,4.796024209683509731e+00,2.446706199601366194e+01,1.858267306360833615e+01,4.906990895306078926e+01,1.681509155957429869e+01,6.381739774266063847e+01,1.564838717677622348e+01,6.997726827736772126e-01,1.476071639126544000e+01,1.464935919919637008e+01,-3.335409485420766096e+00,1.269721658160991851e+01
-5.554524917710929266e+00,2.268872057974606093e+01,1.833265600676617524e+01,1.940747206381750467e-01,4.217119032642175469e+00,2.500337596521243810e+01,2.058199164573569107e+01,4.700931112653400845e+01,1.769839734353715954e+01,6.112157003629414476e+01,1.688115685492065055e+01,-3.619165291999980605e-01,1.765987641709587663e+01,1.176796809871045646e+01,-4.307663881739270728e+00,1.400227220384255133e+01
-7.970053633045295349e+00,2.496520680571723716e+01,1.488878367224523380e+01,4.067552559262166412e+00,4.640979460419008440e+00,2.451470729108053703e+01,1.581723773898002605e+01,4.697575395392978237e+01,1.628771189476400849e+01,5.783654588306067268e+01,1.501946530123634105e+01,1.407753454694909312e+00,2.002396531138785463e+01,9.325105949165733321e+00,-5.099483901752752679e+00,1.439693456788969605e+01
-1.082769741122168483e+01,2.880830440251419233e+01,1.550579077375072856e+01,3.494900934732475761e+00,6.581994851744759067e-01,2.953016457852953991e+01,2.034290051041645242e+01,4.189676847430045115e+01,2.198833052327888282e+01,5.171392222005012940e+01,1.288112852745708281e+01,4.669457625822471591e+00,2.310052628424760357e+01,6.420427903844542428e+00,-5.003053832336713747e+00,1.299213337961569614e+01
-5.495038319892967316e+00,2.229576966690837736e+01,1.650551108877432327e+01,1.924489342803824998e+00,3.210323390396670362e+00,2.572779436260802655e+01,2.114608632363346885e+01,4.262113084421669384e+01,1.875502341579315768e+01,5.873458482934834990e+01,1.902440707087997751e+01,-2.631519483386419722e+00,2.211139737922538018e+01,6.971117944889900997e+00,-5.394611157376708377e+00,1.497730325974394283e+01
-5.608591910560760674e+00,2.210148029249399215e+01,1.474667931798440002e+01,3.157001624002629292e+00,4.089334309973011727e+00,2.451156452304937261e+01,1.847461121721758204e+01,4.404240816661130253e+01,1.565844112730761672e+01,6.124247827289464396e+01,2.081010512116625577e+01,-4.526919246859780976e+00,2.082196680238900299e+01,7.937665108706768891e+00,-8.467707106448777665e+00,1.854758110082572742e+01
-1.891916533708548842e+00,1.877452340219275584e+01,2.064862281663349464e+01,-2.713011400678725149e+00,1.707589992245706734e+00,2.720252108892712428e+01,2.539092631595890026e+01,4.472674248666161390e+01,1.969024228502660634e+01,6.346835622734634086e+01,2.028691431660785582e+01,-3.986969732528121479e+00,1.761993134687542906e+01,1.118003470536224953e+01,-3.965429198150719259e+00,1.329399435366061688e+01
-3.295107434573305571e+00,2.042635357343635150e+01,2.026927126725072981e+01,-1.517146715843169957e+00,2.225820051034420821e+00,2.717379612079045614e+01,2.140672837112219540e+01,4.802032345151805259e+01,2.008442375253695644e+01,6.306473454720897109e+01,1.769519185952114171e+01,-1.287830432832798078e+00,1.694793883117408839e+01,1.223164773760837676e+01,-3.125625153012814295e+00,1.178937792123472050e+01
-2.355670786630222668e+00,1.957405450019713555e+01,2.076694423089847774e+01,-2.176756873065806897e+00,1.439928161619595803e+00,2.794853057927846862e+01,2.342000767372227443e+01,4.521195644995636798e+01,2.053351312967910047e+01,6.116574054219517365e+01,1.811593452025193329e+01,-1.621550361325448941e+00,1.705610937196181709e+01,1.205986273962020228e+01,-2.196726073193441486e+00,1.086692351951684010e+01
-1.212765446859276786e+00,1.838873522862211729e+01,2.106021265704155709e+01,-2.307087811488692797e+00,1.432825092833575287e+00,2.800616943174875573e+01,2.263048690021307152e+01,4.521190448597804590e+01,1.981103549392389240e+01,6.252444164914454916e+01,1.698224630170219385e+01,-5.507102177203555549e-01,1.466172392157069737e+01,1.468483450137846802e+01,-1.843561720578112073e+00,1.082183061455156725e+01
3.928679717678256744e-01,1.670836623707165458e+01,1.935027531223509811e+01,-2.635013944409381192e-01,1.796622667972157250e-02,2.988121675368806507e+01,2.014098727032999747e+01,4.234883196275672645e+01,2.103673703495161362e+01,5.746569434129208531e+01,2.177049609873190761e+01,-5.141555678347160985e+00,2.127166060336849540e+01,7.664379298683741126e+00,-2.602324238488090913e+00,1.010549410077905108e+01
-1.620149199091484249e+00,1.885025305364093029e+01,2.055323729073644401e+01,-1.834653191603940803e+00,1.740705713653663667e+00,2.766222663625056555e+01,2.335712874344596202e+01,4.330252783287608054e+01,1.990615453613855124e+01,5.969957849605238209e+01,1.722352294419061991e+01,-6.822748392472861578e-01,1.571446860395083966e+01,1.374204595588506095e+01,-1.545108790148300937e+00,1.087253246515504657e+01
-3.636360033667438429e+00,2.077546967474885520e+01,2.071164733540486225e+01,-1.502933915022505396e+00,3.904575504968837762e+00,2.556117265874794597e+01,1.916945871864221473e+01,4.722010961318601829e+01,2.023459714170206425e+01,6.479373550627026646e+01,1.296797039094607662e+01,3.261120514430300599e+00,1.634275156215245772e+01,1.310954650621764728e+01,-1.384118723551855723e+00,9.924235268980456937e+00
-1.019328436064200094e+00,1.825816209697068615e+01,2.219190173727837845e+01,-3.562020097667269791e+00,2.061502266477222900e+00,2.727911312690475043e+01,2.312327655841827578e+01,4.546400456628181530e+01,2.016206933507010035e+01,6.383518688668221586e+01,1.696220076496868856e+01,-5.637472436999870773e-01,1.281640031463767748e+01,1.651534730126225270e+01,-1.193220988506719760e+00,1.031374279900694901e+01
-1.272971952942256957e+00,1.844464667765618771e+01,2.174442886548445841e+01,-3.059500812666878566e+00,2.103162190630556871e+00,2.722822378804183785e+01,2.239466317966910580e+01,4.602030789003643463e+01,2.008112814985176087e+01,6.454740987331663860e+01,1.726740433462303059e+01,-9.019731890086722936e-01,1.305356259215801984e+01,1.628228657922002753e+01,-1.834288419099074474e+00,1.097575361001985961e+01
-1.522415297457921923e+00,1.870196138586153367e+01,2.155727695921364884e+01,-2.764869384971601285e+00,2.316990139415377570e+00,2.712027920184956642e+01,2.202711888637971427e+01,4.654983693501379349e+01,2.009595980752960287e+01,6.455575088885980506e+01,1.720726345472175467e+01,-7.806049076516697882e-01,1.324730436840120262e+01,1.626197626687428510e+01,-2.252623861877420808e+00,1.155971637916739070e+01
-2.138387414038506851e+00,1.931712650218937810e+01,2.145367539852239247e+01,-2.614456585689813206e+00,3.234075724867199408e+00,2.634631791917277965e+01,2.126241882271883199e+01,4.722115285972561338e+01,1.986301225106598878e+01,6.468160372363600175e+01,1.638886430640049952e+01,1.143660022638170598e-01,1.423495549211549260e+01,1.542898868102582277e+01,-2.846551222662941250e+00,1.222955012438677258e+01
-3.795263123980591846e+00,2.083376552223142752e+01,2.009216121940928446e+01,-1.517007067754982286e+00,4.914692728353794671e+00,2.398480791598956330e+01,1.832428875611983798e+01,4.943015969289494649e+01,1.689129119554343106e+01,6.164409396268449370e+01,1.424731917021080818e+01,1.814980424392663716e+00,1.427604378660130813e+01,1.460906783209190962e+01,-1.048119602780015480e+00,9.735979040415271513e+00
-7.793739838916313722e+00,2.490885050291254643e+01,1.788271248289541404e+01,1.871833666123226547e-01,6.421762743960049313e+00,2.225987213352476957e+01,1.673470470980235802e+01,4.880329057226877865e+01,1.622707837655086038e+01,5.782257227076870976e+01,1.430600200442719938e+01,1.981499461057452782e+00,1.744695172276513517e+01,1.100849397164956756e+01,-2.983915076314055170e+00,1.147172489149370556e+01
-5.404767958272432615e+00,2.275175776899646252e+01,1.792274169567905062e+01,1.019754352763380778e+00,3.819384570764669640e+00,2.575155195982203082e+01,1.687618475541122365e+01,4.655392697635475940e+01,1.762807539705559279e+01,5.574566325585391979e+01,1.308630742126453583e+01,3.488514715470197647e+00,1.976937137473951012e+01,9.218612099196171528e+00,-1.655146350211919692e+00,9.368326362883554026e+00
-4.905191985442892921e+00,2.204185808475411079e+01,1.825754440516375965e+01,-5.381695681489551131e-02,3.942664836490877178e+00,2.519899290274392101e+01,1.999959596716454868e+01,4.972078357747292898e+01,1.614675928124628257e+01,6.003254568970390892e+01,1.703744954129814815e+01,-5.142001971151314299e-01,1.695336059750071911e+01,1.208888645369076364e+01,-4.423938583711609418e+00,1.374205115245956321e+01
-6.865949819295722456e+00,2.441392517192637968e+01,1.794502295313741413e+01,8.967273747012740603e-01,1.591723514577287002e+00,2.784642695195732287e+01,2.055679124420964499e+01,5.044936462171951774e+01,1.973503102028099931e+01,5.747287945323537883e+01,1.831713316501807398e+01,-1.504391203912972763e+00,1.583275026517849859e+01,1.349715509151771897e+01,-3.718358846892340974e+00,1.267902037343514188e+01
-5.905974760977473537e+00,2.291985563555152083e+01,1.793341117005797969e+01,5.620591261516451054e-01,4.570002078316624861e+00,2.466450859365767911e+01,1.708478150171190535e+01,5.044497588168687230e+01,1.718038356458065863e+01,6.265619218056980344e+01,1.647112421482091804e+01,-4.380885564497105644e-02,1.763327092726074596e+01,1.137313818753604444e+01,-5.460391422418763518e+00,1.428545548605884719e+01
-6.367138053404629794e+00,2.355264666884133362e+01,1.694111591099500558e+01,1.422291768078787877e+00,4.409985063813012474e+00,2.509706367653619097e+01,1.738336672089079116e+01,5.075430948356672900e+01,1.615870961860683863e+01,5.883924364472112956e+01,1.739957817346409286e+01,-5.924892867247819606e-01,1.896863665434614532e+01,1.021527096195382178e+01,-6.518843134625712743e+00,1.562099714982569409e+01
-7.830061816255584617e+00,2.513425508612047921e+01,2.067642988175532892e+01,-2.179548786627524937e+00,6.684246000435949853e+00,2.265714251500540399e+01,1.946771978570604489e+01,5.724914079750804063e+01,1.834907993826329076e+01,6.628558443476518391e+01,1.645439566968889267e+01,4.410110831101503315e-02,1.591771298611836016e+01,1.353211526368575868e+01,-4.913480524520003279e+00,1.429879531058005604e+01
-6.463010029413339907e+00,2.350230889057364436e+01,1.825265254853396257e+01,3.766127222356496218e-01,3.520601391225052890e+00,2.569963137040258871e+01,1.930252925371157247e+01,5.322772353400013401e+01,1.870720531938747300e+01,6.404623950689223477e+01,1.827960835131604966e+01,-1.812913083523984836e+00,1.652971970254995071e+01,1.279137440398316450e+01,-6.244876003641032902e+00,1.572320005963833545e+01
-9.704282244228460641e+00,2.693807225674060035e+01,1.488242425252006917e+01,3.739204793672529892e+00,6.189405916372952454e+00,2.363861313889834648e+01,1.495904727448437477e+01,5.501726125655765287e+01,1.414095009376208978e+01,5.833221296678341616e+01,1.400691665780751727e+01,3.073291466720704523e+00,1.983859423484723550e+01,1.007918808306503600e+01,-9.110746378217232433e+00,1.915249360156731839e+01
-7.917946968150034515e+00,2.549159162652193444e+01,1.824983851809936652e+01,1.000875574247202637e+00,2.877911011359131077e+00,2.751423360310841915e+01,2.243700704466757045e+01,4.131498791314969310e+01,2.352734285078240362e+01,5.432848737719977095e+01,1.138250551765823992e+01,5.930414532476643075e+00,2.699699117091509848e+01,3.053193757344633497e+00,-4.177523966903912367e+00,1.269953471369077569e+01
-7.390933962241025057e+00,2.437277448880875852e+01,1.626279077656771577e+01,2.218432756424808527e+00,4.890911615051666494e+00,2.441465351068168488e+01,1.842669718039567428e+01,4.871282521202167715e+01,1.722357489416399545e+01,5.961321011422752036e+01,1.667564229470434256e+01,-7.531667820028345450e-02,2.255338909526830804e+01,6.668098772945750596e+00,-6.608521780122810441e+00,1.588990059123610443e+01
-5.736701559466395040e+00,2.276667265686443287e+01,1.851621567739371343e+01,4.778435930356715877e-01,4.004585089623432737e+00,2.537497884559273231e+01,1.975638870115883705e+01,5.055145200080700363e+01,1.950089409860380840e+01,6.265930284586330856e+01,1.699875869358492864e+01,-6.313174833179796552e-01,2.031752620368753171e+01,9.100245549486361440e+00,-4.313052723767435204e+00,1.334627315285884386e+01
